[
  {
    "id": 1,
    "title": "Ham & Cheese with Mustard SW  ",
    "img": "img/product-1.png",
    "price": 100,
    "info":
    "Lorem ipsum dolor amet offal butcher quinoa sustainable gastropub, echo park actually green juice sriracha paleo. Brooklyn sriracha semiotics, DIY coloring book mixtape craft beer sartorial hella blue bottle. Tote bag wolf authentic try-hard put a bird on it mumblecore. Unicorn lumbersexual master cleanse blog hella VHS, vaporware sartorial church-key cardigan single-origin coffee lo-fi organic asymmetrical. Taxidermy semiotics celiac stumptown scenester normcore, ethical helvetica photo booth gentrify.",
    "inCart": false,
    "count": 0,
    "total": 0
  },
  {
    "id": 2,
    "title": "Spicy Polos & Cheese SW ",
    "img": "img/product-2.png",
    "price": 160,
    "info":
    "Lorem ipsum dolor amet offal butcher quinoa sustainable gastropub, echo park actually green juice sriracha paleo. Brooklyn sriracha semiotics, DIY coloring book mixtape craft beer sartorial hella blue bottle. Tote bag wolf authentic try-hard put a bird on it mumblecore. Unicorn lumbersexual master cleanse blog hella VHS, vaporware sartorial church-key cardigan single-origin coffee lo-fi organic asymmetrical. Taxidermy semiotics celiac stumptown scenester normcore, ethical helvetica photo booth gentrify.",
    "inCart": false,
    "count": 0,
    "total": 0
  },
  {
    "id": 3,
    "title": "Tuna & Cucumber SW",
    "img": "img/product-3.png",
    "price": 80,
    "info":
    "Lorem ipsum dolor amet offal butcher quinoa sustainable gastropub, echo park actually green juice sriracha paleo. Brooklyn sriracha semiotics, DIY coloring book mixtape craft beer sartorial hella blue bottle. Tote bag wolf authentic try-hard put a bird on it mumblecore. Unicorn lumbersexual master cleanse blog hella VHS, vaporware sartorial church-key cardigan single-origin coffee lo-fi organic asymmetrical. Taxidermy semiotics celiac stumptown scenester normcore, ethical helvetica photo booth gentrify.",
    "inCart": false,
    "count": 0,
    "total": 0
  },
  {
    "id": 4,
    "title": "Pol Sambol with Fried Egg & Cheese SW ",
    "img": "img/product-4.png",
    "price": 180,
    "info":
    "Lorem ipsum dolor amet offal butcher quinoa sustainable gastropub, echo park actually green juice sriracha paleo. Brooklyn sriracha semiotics, DIY coloring book mixtape craft beer sartorial hella blue bottle. Tote bag wolf authentic try-hard put a bird on it mumblecore. Unicorn lumbersexual master cleanse blog hella VHS, vaporware sartorial church-key cardigan single-origin coffee lo-fi organic asymmetrical. Taxidermy semiotics celiac stumptown scenester normcore, ethical helvetica photo booth gentrify.",
    "inCart": false,
    "count": 0,
    "total": 0
  },
  {
    "id": 5,
    "title": "Honey Roasted Chicken",
    "img": "img/product-5.jpg",
    "price": 240,
    "info":
    "Lorem ipsum dolor amet offal butcher quinoa sustainable gastropub, echo park actually green juice sriracha paleo. Brooklyn sriracha semiotics, DIY coloring book mixtape craft beer sartorial hella blue bottle. Tote bag wolf authentic try-hard put a bird on it mumblecore. Unicorn lumbersexual master cleanse blog hella VHS, vaporware sartorial church-key cardigan single-origin coffee lo-fi organic asymmetrical. Taxidermy semiotics celiac stumptown scenester normcore, ethical helvetica photo booth gentrify.",
    "inCart": false,
    "count": 0,
    "total": 0
  },
  {
    "id": 6,
    "title": "Smoked Chicken Sandwich",
    "img": "img/product-6.jpg",
    "price": 170,
    "info":
    "Lorem ipsum dolor amet offal butcher quinoa sustainable gastropub, echo park actually green juice sriracha paleo. Brooklyn sriracha semiotics, DIY coloring book mixtape craft beer sartorial hella blue bottle. Tote bag wolf authentic try-hard put a bird on it mumblecore. Unicorn lumbersexual master cleanse blog hella VHS, vaporware sartorial church-key cardigan single-origin coffee lo-fi organic asymmetrical. Taxidermy semiotics celiac stumptown scenester normcore, ethical helvetica photo booth gentrify.",
    "inCart": false,
    "count": 0,
    "total": 0
  },
  {
    "id": 7,
    "title": "Jaffna Style Prawn",
    "img": "img/product-7.jpg",
    "price": 400,
    "info":
    "Lorem ipsum dolor amet offal butcher quinoa sustainable gastropub, echo park actually green juice sriracha paleo. Brooklyn sriracha semiotics, DIY coloring book mixtape craft beer sartorial hella blue bottle. Tote bag wolf authentic try-hard put a bird on it mumblecore. Unicorn lumbersexual master cleanse blog hella VHS, vaporware sartorial church-key cardigan single-origin coffee lo-fi organic asymmetrical. Taxidermy semiotics celiac stumptown scenester normcore, ethical helvetica photo booth gentrify.",
    "inCart": false,
    "count": 0,
    "total": 0
  },
  {
    "id": 8,
    "title": "​Chicken Tikka with Raita",
    "img": "img/product-8.png",
    "price": 200,
    "info":
    "Lorem ipsum dolor amet offal butcher quinoa sustainable gastropub, echo park actually green juice sriracha paleo. Brooklyn sriracha semiotics, DIY coloring book mixtape craft beer sartorial hella blue bottle. Tote bag wolf authentic try-hard put a bird on it mumblecore. Unicorn lumbersexual master cleanse blog hella VHS, vaporware sartorial church-key cardigan single-origin coffee lo-fi organic asymmetrical. Taxidermy semiotics celiac stumptown scenester normcore, ethical helvetica photo booth gentrify.",
    "inCart": false,
    "count": 0,
    "total": 0
  }
]